{
    "current_scene": "Scene",
    "current_program_scene": "Scene",
    "scene_order": [
        {
            "name": "Scene"
        }
    ],
    "name": "User Sync Scenes 0.4.0",
    "groups": [
        {
            "prev_ver": 486604803,
            "name": "Sync Bar",
            "uuid": "6095583b-41a0-4934-bb9f-9b6cea1534bb",
            "id": "group",
            "versioned_id": "group",
            "settings": {
                "custom_size": true,
                "cx": 1920,
                "cy": 120,
                "id_counter": 0,
                "items": [
                    {
                        "name": "#fff",
                        "source_uuid": "14e3f523-f6c0-47d1-ab6e-1811f2458232",
                        "visible": true,
                        "locked": true,
                        "rot": 0.0,
                        "pos": {
                            "x": 0.0,
                            "y": 0.0
                        },
                        "scale": {
                            "x": 1.0,
                            "y": 1.0
                        },
                        "align": 5,
                        "bounds_type": 0,
                        "bounds_align": 0,
                        "bounds": {
                            "x": 0.0,
                            "y": 0.0
                        },
                        "crop_left": 0,
                        "crop_top": 0,
                        "crop_right": 0,
                        "crop_bottom": 0,
                        "id": 28,
                        "group_item_backup": false,
                        "scale_filter": "disable",
                        "blend_method": "default",
                        "blend_type": "normal",
                        "show_transition": {
                            "duration": 0
                        },
                        "hide_transition": {
                            "duration": 0
                        },
                        "private_settings": {}
                    },
                    {
                        "name": "Label (Double-Click Me!)",
                        "source_uuid": "9f07d0f5-2128-4f44-8d9d-95e6bd0f18e8",
                        "visible": true,
                        "locked": true,
                        "rot": 0.0,
                        "pos": {
                            "x": 140.0,
                            "y": 120.0
                        },
                        "scale": {
                            "x": 1.0,
                            "y": 1.0
                        },
                        "align": 9,
                        "bounds_type": 0,
                        "bounds_align": 0,
                        "bounds": {
                            "x": 1.0,
                            "y": 1.0
                        },
                        "crop_left": 0,
                        "crop_top": 0,
                        "crop_right": 0,
                        "crop_bottom": 0,
                        "id": 37,
                        "group_item_backup": false,
                        "scale_filter": "disable",
                        "blend_method": "default",
                        "blend_type": "normal",
                        "show_transition": {
                            "duration": 0
                        },
                        "hide_transition": {
                            "duration": 0
                        },
                        "private_settings": {}
                    },
                    {
                        "name": "qr.syncer.live",
                        "source_uuid": "059ddb06-c3f8-4ad3-9cfc-d9f53d844dab",
                        "visible": true,
                        "locked": true,
                        "rot": 0.0,
                        "pos": {
                            "x": 57.0,
                            "y": 62.0
                        },
                        "scale": {
                            "x": 1.0,
                            "y": 1.0
                        },
                        "align": 0,
                        "bounds_type": 0,
                        "bounds_align": 0,
                        "bounds": {
                            "x": 1.0,
                            "y": 1.0
                        },
                        "crop_left": 0,
                        "crop_top": 0,
                        "crop_right": 0,
                        "crop_bottom": 0,
                        "id": 38,
                        "group_item_backup": false,
                        "scale_filter": "disable",
                        "blend_method": "default",
                        "blend_type": "normal",
                        "show_transition": {
                            "duration": 0
                        },
                        "hide_transition": {
                            "duration": 0
                        },
                        "private_settings": {}
                    }
                ]
            },
            "mixers": 0,
            "sync": 0,
            "flags": 0,
            "volume": 1.0,
            "balance": 0.5,
            "enabled": true,
            "muted": false,
            "push-to-mute": false,
            "push-to-mute-delay": 0,
            "push-to-talk": false,
            "push-to-talk-delay": 0,
            "hotkeys": {
                "libobs.show_scene_item.#fff": [],
                "libobs.hide_scene_item.#fff": [],
                "libobs.show_scene_item.Label (Double-Click Me!)": [],
                "libobs.hide_scene_item.Label (Double-Click Me!)": [],
                "libobs.show_scene_item.qr.syncer.live": [],
                "libobs.hide_scene_item.qr.syncer.live": []
            },
            "deinterlace_mode": 0,
            "deinterlace_field_order": 0,
            "monitoring_type": 0,
            "private_settings": {}
        },
        {
            "prev_ver": 486604803,
            "name": "Information",
            "uuid": "8eb4c521-9df6-47be-ad9b-dbd957bdf6db",
            "id": "group",
            "versioned_id": "group",
            "settings": {
                "custom_size": true,
                "cx": 1920,
                "cy": 1080,
                "id_counter": 0,
                "items": [
                    {
                        "name": "funny scrolling background",
                        "source_uuid": "a8debf64-2738-4291-8528-687ad0497cca",
                        "visible": true,
                        "locked": true,
                        "rot": 0.0,
                        "pos": {
                            "x": 0.0,
                            "y": 0.0
                        },
                        "scale": {
                            "x": 1.0,
                            "y": 1.0
                        },
                        "align": 5,
                        "bounds_type": 0,
                        "bounds_align": 0,
                        "bounds": {
                            "x": 0.0,
                            "y": 0.0
                        },
                        "crop_left": 0,
                        "crop_top": 0,
                        "crop_right": 0,
                        "crop_bottom": 0,
                        "id": 75,
                        "group_item_backup": false,
                        "scale_filter": "disable",
                        "blend_method": "default",
                        "blend_type": "normal",
                        "show_transition": {
                            "duration": 0
                        },
                        "hide_transition": {
                            "duration": 0
                        },
                        "private_settings": {}
                    },
                    {
                        "name": "Paragraph",
                        "source_uuid": "d75d1b79-1330-4015-ad34-690fcb490761",
                        "visible": true,
                        "locked": true,
                        "rot": 0.0,
                        "pos": {
                            "x": 160.0,
                            "y": 245.0
                        },
                        "scale": {
                            "x": 1.0,
                            "y": 1.0
                        },
                        "align": 5,
                        "bounds_type": 0,
                        "bounds_align": 0,
                        "bounds": {
                            "x": 1.0,
                            "y": 1.0
                        },
                        "crop_left": 0,
                        "crop_top": 0,
                        "crop_right": 0,
                        "crop_bottom": 0,
                        "id": 77,
                        "group_item_backup": false,
                        "scale_filter": "disable",
                        "blend_method": "default",
                        "blend_type": "normal",
                        "show_transition": {
                            "duration": 0
                        },
                        "hide_transition": {
                            "duration": 0
                        },
                        "private_settings": {}
                    },
                    {
                        "name": "layout version",
                        "source_uuid": "61cc1aa0-9df8-4dfc-8a9f-2ab4cda446a4",
                        "visible": true,
                        "locked": true,
                        "rot": 0.0,
                        "pos": {
                            "x": 1760.0,
                            "y": 104.0
                        },
                        "scale": {
                            "x": 1.0,
                            "y": 1.0
                        },
                        "align": 6,
                        "bounds_type": 0,
                        "bounds_align": 0,
                        "bounds": {
                            "x": 1.0,
                            "y": 1.0
                        },
                        "crop_left": 0,
                        "crop_top": 0,
                        "crop_right": 0,
                        "crop_bottom": 0,
                        "id": 78,
                        "group_item_backup": false,
                        "scale_filter": "disable",
                        "blend_method": "default",
                        "blend_type": "normal",
                        "show_transition": {
                            "duration": 0
                        },
                        "hide_transition": {
                            "duration": 0
                        },
                        "private_settings": {}
                    },
                    {
                        "name": "Hello!",
                        "source_uuid": "7b7129d4-71d5-4cae-8d2c-7176b093422b",
                        "visible": true,
                        "locked": true,
                        "rot": 0.0,
                        "pos": {
                            "x": 960.0,
                            "y": 530.0
                        },
                        "scale": {
                            "x": 1.0,
                            "y": 1.0
                        },
                        "align": 0,
                        "bounds_type": 0,
                        "bounds_align": 0,
                        "bounds": {
                            "x": 1.0,
                            "y": 1.0
                        },
                        "crop_left": 0,
                        "crop_top": 0,
                        "crop_right": 0,
                        "crop_bottom": 0,
                        "id": 76,
                        "group_item_backup": false,
                        "scale_filter": "disable",
                        "blend_method": "default",
                        "blend_type": "normal",
                        "show_transition": {
                            "duration": 0
                        },
                        "hide_transition": {
                            "duration": 0
                        },
                        "private_settings": {}
                    }
                ]
            },
            "mixers": 0,
            "sync": 0,
            "flags": 0,
            "volume": 1.0,
            "balance": 0.5,
            "enabled": true,
            "muted": false,
            "push-to-mute": false,
            "push-to-mute-delay": 0,
            "push-to-talk": false,
            "push-to-talk-delay": 0,
            "hotkeys": {
                "libobs.show_scene_item.funny scrolling background": [],
                "libobs.hide_scene_item.funny scrolling background": [],
                "libobs.show_scene_item.Paragraph": [],
                "libobs.hide_scene_item.Paragraph": [],
                "libobs.show_scene_item.layout version": [],
                "libobs.hide_scene_item.layout version": [],
                "libobs.show_scene_item.Hello!": [],
                "libobs.hide_scene_item.Hello!": []
            },
            "deinterlace_mode": 0,
            "deinterlace_field_order": 0,
            "monitoring_type": 0,
            "private_settings": {}
        },
        {
            "prev_ver": 486604803,
            "name": "Sync Bar Extras (Hide if High CPU%)",
            "uuid": "dfb6a0f8-768d-40b5-915b-83acb783ef28",
            "id": "group",
            "versioned_id": "group",
            "settings": {
                "custom_size": true,
                "cx": 1349,
                "cy": 111,
                "id_counter": 0,
                "items": [
                    {
                        "name": "v2.syncer.live",
                        "source_uuid": "fa6f273a-c95c-4727-a311-b285bcc9e5f1",
                        "visible": true,
                        "locked": true,
                        "rot": 0.0,
                        "pos": {
                            "x": 1300.0,
                            "y": 99.0
                        },
                        "scale": {
                            "x": 1.0,
                            "y": 1.0
                        },
                        "align": 8,
                        "bounds_type": 0,
                        "bounds_align": 0,
                        "bounds": {
                            "x": 1.0,
                            "y": 1.0
                        },
                        "crop_left": 935,
                        "crop_top": 640,
                        "crop_right": 887,
                        "crop_bottom": 400,
                        "id": 72,
                        "group_item_backup": false,
                        "scale_filter": "disable",
                        "blend_method": "default",
                        "blend_type": "normal",
                        "show_transition": {
                            "duration": 0
                        },
                        "hide_transition": {
                            "duration": 0
                        },
                        "private_settings": {}
                    },
                    {
                        "name": "v2.syncer.live",
                        "source_uuid": "fa6f273a-c95c-4727-a311-b285bcc9e5f1",
                        "visible": true,
                        "locked": true,
                        "rot": 0.0,
                        "pos": {
                            "x": 1134.0,
                            "y": 49.0
                        },
                        "scale": {
                            "x": 0.5,
                            "y": 0.5
                        },
                        "align": 0,
                        "bounds_type": 0,
                        "bounds_align": 0,
                        "bounds": {
                            "x": 1.0,
                            "y": 1.0
                        },
                        "crop_left": 540,
                        "crop_top": 467,
                        "crop_right": 540,
                        "crop_bottom": 514,
                        "id": 23,
                        "group_item_backup": false,
                        "scale_filter": "disable",
                        "blend_method": "default",
                        "blend_type": "normal",
                        "show_transition": {
                            "duration": 0
                        },
                        "hide_transition": {
                            "duration": 0
                        },
                        "private_settings": {}
                    },
                    {
                        "name": "v2.syncer.live",
                        "source_uuid": "fa6f273a-c95c-4727-a311-b285bcc9e5f1",
                        "visible": true,
                        "locked": true,
                        "rot": 0.0,
                        "pos": {
                            "x": 414.0,
                            "y": 110.0
                        },
                        "scale": {
                            "x": 1.0,
                            "y": 11.000005722045898
                        },
                        "align": 8,
                        "bounds_type": 0,
                        "bounds_align": 0,
                        "bounds": {
                            "x": 1.0,
                            "y": 1.0
                        },
                        "crop_left": 546,
                        "crop_top": 426,
                        "crop_right": 546,
                        "crop_bottom": 644,
                        "id": 35,
                        "group_item_backup": false,
                        "scale_filter": "disable",
                        "blend_method": "default",
                        "blend_type": "normal",
                        "show_transition": {
                            "duration": 0
                        },
                        "hide_transition": {
                            "duration": 0
                        },
                        "private_settings": {}
                    }
                ]
            },
            "mixers": 0,
            "sync": 0,
            "flags": 0,
            "volume": 1.0,
            "balance": 0.5,
            "enabled": true,
            "muted": false,
            "push-to-mute": false,
            "push-to-mute-delay": 0,
            "push-to-talk": false,
            "push-to-talk-delay": 0,
            "hotkeys": {
                "libobs.show_scene_item.v2.syncer.live": [],
                "libobs.hide_scene_item.v2.syncer.live": []
            },
            "deinterlace_mode": 0,
            "deinterlace_field_order": 0,
            "monitoring_type": 0,
            "private_settings": {}
        }
    ],
    "quick_transitions": [
        {
            "name": "Cut",
            "duration": 300,
            "hotkeys": [],
            "id": 3,
            "fade_to_black": false
        },
        {
            "name": "Fade",
            "duration": 300,
            "hotkeys": [],
            "id": 4,
            "fade_to_black": false
        },
        {
            "name": "Fade",
            "duration": 300,
            "hotkeys": [],
            "id": 5,
            "fade_to_black": true
        }
    ],
    "transitions": [],
    "saved_projectors": [],
    "current_transition": "Cut",
    "transition_duration": 300,
    "preview_locked": false,
    "scaling_enabled": false,
    "scaling_level": 0,
    "scaling_off_x": 0.0,
    "scaling_off_y": 0.0,
    "virtual-camera": {
        "type": 0,
        "internal": 0
    },
    "modules": {
        "copyTransformHotkey": [],
        "pasteTransformHotkey": [],
        "scripts-tool": [],
        "output-timer": {
            "streamTimerHours": 0,
            "streamTimerMinutes": 0,
            "streamTimerSeconds": 30,
            "recordTimerHours": 0,
            "recordTimerMinutes": 0,
            "recordTimerSeconds": 30,
            "autoStartStreamTimer": false,
            "autoStartRecordTimer": false,
            "pauseRecordTimer": false
        },
        "auto-scene-switcher": {
            "interval": 300,
            "non_matching_scene": "",
            "switch_if_not_matching": false,
            "active": false,
            "switches": []
        },
        "captions": {
            "source": "",
            "enabled": false,
            "lang_id": 1033,
            "provider": "mssapi"
        }
    },
    "sources": [
        {
            "prev_ver": 486604803,
            "name": "#fff",
            "uuid": "14e3f523-f6c0-47d1-ab6e-1811f2458232",
            "id": "color_source",
            "versioned_id": "color_source_v3",
            "settings": {
                "color": 4294967295,
                "height": 120
            },
            "mixers": 0,
            "sync": 0,
            "flags": 0,
            "volume": 1.0,
            "balance": 0.5,
            "enabled": true,
            "muted": false,
            "push-to-mute": false,
            "push-to-mute-delay": 0,
            "push-to-talk": false,
            "push-to-talk-delay": 0,
            "hotkeys": {},
            "deinterlace_mode": 0,
            "deinterlace_field_order": 0,
            "monitoring_type": 0,
            "private_settings": {}
        },
        {
            "prev_ver": 486604803,
            "name": "Audio - UNBEATABLE [white label]",
            "uuid": "68af2738-81f9-4920-a002-7757d5e8914f",
            "id": "wasapi_process_output_capture",
            "versioned_id": "wasapi_process_output_capture",
            "settings": {
                "window": "UNBEATABLE [white label]:UnityWndClass:UNBEATABLE [white label].exe"
            },
            "mixers": 255,
            "sync": 0,
            "flags": 0,
            "volume": 1.0,
            "balance": 0.5,
            "enabled": true,
            "muted": false,
            "push-to-mute": false,
            "push-to-mute-delay": 0,
            "push-to-talk": false,
            "push-to-talk-delay": 0,
            "hotkeys": {
                "libobs.mute": [],
                "libobs.unmute": [],
                "libobs.push-to-mute": [],
                "libobs.push-to-talk": []
            },
            "deinterlace_mode": 0,
            "deinterlace_field_order": 0,
            "monitoring_type": 0,
            "private_settings": {}
        },
        {
            "prev_ver": 486604803,
            "name": "funny scrolling background",
            "uuid": "a8debf64-2738-4291-8528-687ad0497cca",
            "id": "text_gdiplus",
            "versioned_id": "text_gdiplus_v2",
            "settings": {
                "extents": true,
                "gradient": false,
                "text": "aaaaaaaaaaaaaaaaaaa",
                "undo_sname": "funny scrolling background",
                "font": {
                    "face": "Arial",
                    "flags": 0,
                    "size": 192,
                    "style": "Regular"
                },
                "align": "left",
                "color": 4282067230,
                "opacity": 25,
                "gradient_color": 4282067230,
                "gradient_opacity": 100,
                "bk_color": 4280948495,
                "bk_opacity": 95,
                "extents_cx": 1818,
                "extents_cy": 162
            },
            "mixers": 0,
            "sync": 0,
            "flags": 0,
            "volume": 1.0,
            "balance": 0.5,
            "enabled": true,
            "muted": false,
            "push-to-mute": false,
            "push-to-mute-delay": 0,
            "push-to-talk": false,
            "push-to-talk-delay": 0,
            "hotkeys": {},
            "deinterlace_mode": 0,
            "deinterlace_field_order": 0,
            "monitoring_type": 0,
            "private_settings": {},
            "filters": [
                {
                    "prev_ver": 486604803,
                    "name": "Scroll",
                    "uuid": "dbbbfb53-e66f-40f4-a657-d175d710fb46",
                    "id": "scroll_filter",
                    "versioned_id": "scroll_filter",
                    "settings": {
                        "limit_cx": true,
                        "limit_cy": true,
                        "speed_x": -17.0,
                        "speed_y": -17.0,
                        "cx": 1920,
                        "cy": 1080
                    },
                    "mixers": 0,
                    "sync": 0,
                    "flags": 0,
                    "volume": 1.0,
                    "balance": 0.5,
                    "enabled": true,
                    "muted": false,
                    "push-to-mute": false,
                    "push-to-mute-delay": 0,
                    "push-to-talk": false,
                    "push-to-talk-delay": 0,
                    "hotkeys": {},
                    "deinterlace_mode": 0,
                    "deinterlace_field_order": 0,
                    "monitoring_type": 0,
                    "private_settings": {}
                }
            ]
        },
        {
            "prev_ver": 486604803,
            "name": "Game - UNBEATABLE [white label]",
            "uuid": "ba2b64ed-f68f-4278-9fea-b5429843eb9b",
            "id": "game_capture",
            "versioned_id": "game_capture",
            "settings": {
                "window": "UNBEATABLE [white label]:UnityWndClass:UNBEATABLE [white label].exe",
                "capture_mode": "window",
                "capture_cursor": false,
                "limit_framerate": true
            },
            "mixers": 0,
            "sync": 0,
            "flags": 0,
            "volume": 1.0,
            "balance": 0.5,
            "enabled": true,
            "muted": false,
            "push-to-mute": false,
            "push-to-mute-delay": 0,
            "push-to-talk": false,
            "push-to-talk-delay": 0,
            "hotkeys": {
                "hotkey_start": [],
                "hotkey_stop": []
            },
            "deinterlace_mode": 0,
            "deinterlace_field_order": 0,
            "monitoring_type": 0,
            "private_settings": {}
        },
        {
            "prev_ver": 486604803,
            "name": "Hello!",
            "uuid": "7b7129d4-71d5-4cae-8d2c-7176b093422b",
            "id": "text_gdiplus",
            "versioned_id": "text_gdiplus_v2",
            "settings": {
                "chatlog": false,
                "extents": true,
                "gradient": false,
                "outline": true,
                "text": "Hello, User!",
                "vertical": false,
                "font": {
                    "face": "Arial",
                    "flags": 0,
                    "size": 100,
                    "style": "Regular"
                },
                "align": "left",
                "valign": "top",
                "color": 4294571505,
                "opacity": 100,
                "outline_size": 16,
                "outline_color": 4280028423,
                "outline_opacity": 100,
                "chatlog_lines": 1,
                "extents_wrap": true,
                "extents_cx": 1600,
                "extents_cy": 900,
                "transform": 0,
                "antialiasing": true
            },
            "mixers": 0,
            "sync": 0,
            "flags": 0,
            "volume": 1.0,
            "balance": 0.5,
            "enabled": true,
            "muted": false,
            "push-to-mute": false,
            "push-to-mute-delay": 0,
            "push-to-talk": false,
            "push-to-talk-delay": 0,
            "hotkeys": {},
            "deinterlace_mode": 0,
            "deinterlace_field_order": 0,
            "monitoring_type": 0,
            "private_settings": {}
        },
        {
            "prev_ver": 486604803,
            "name": "Label (Double-Click Me!)",
            "uuid": "9f07d0f5-2128-4f44-8d9d-95e6bd0f18e8",
            "id": "text_gdiplus",
            "versioned_id": "text_gdiplus_v2",
            "settings": {
                "chatlog": false,
                "extents": true,
                "outline": false,
                "text": "Enter your username here",
                "undo_sname": "User Text",
                "font": {
                    "face": "Arial",
                    "flags": 1,
                    "size": 58,
                    "style": "Bold"
                },
                "align": "left",
                "valign": "center",
                "color": 4278190080,
                "bk_color": 4294967295,
                "outline_size": 16,
                "extents_cx": 380,
                "extents_cy": 115
            },
            "mixers": 0,
            "sync": 0,
            "flags": 0,
            "volume": 1.0,
            "balance": 0.5,
            "enabled": true,
            "muted": false,
            "push-to-mute": false,
            "push-to-mute-delay": 0,
            "push-to-talk": false,
            "push-to-talk-delay": 0,
            "hotkeys": {},
            "deinterlace_mode": 0,
            "deinterlace_field_order": 0,
            "monitoring_type": 0,
            "private_settings": {}
        },
        {
            "prev_ver": 486604803,
            "name": "layout version",
            "uuid": "61cc1aa0-9df8-4dfc-8a9f-2ab4cda446a4",
            "id": "text_gdiplus",
            "versioned_id": "text_gdiplus_v2",
            "settings": {
                "extents": false,
                "outline": true,
                "text": "layout version 0.4.0",
                "undo_sname": "Layout Version",
                "font": {
                    "face": "Arial",
                    "flags": 0,
                    "size": 66,
                    "style": "Regular"
                },
                "align": "right",
                "color": 4290290580,
                "opacity": 60,
                "outline_size": 16,
                "outline_color": 4280028423,
                "extents_cx": 1600,
                "extents_cy": 750
            },
            "mixers": 0,
            "sync": 0,
            "flags": 0,
            "volume": 1.0,
            "balance": 0.5,
            "enabled": true,
            "muted": false,
            "push-to-mute": false,
            "push-to-mute-delay": 0,
            "push-to-talk": false,
            "push-to-talk-delay": 0,
            "hotkeys": {},
            "deinterlace_mode": 0,
            "deinterlace_field_order": 0,
            "monitoring_type": 0,
            "private_settings": {}
        },
        {
            "prev_ver": 486604803,
            "name": "Paragraph",
            "uuid": "d75d1b79-1330-4015-ad34-690fcb490761",
            "id": "text_gdiplus",
            "versioned_id": "text_gdiplus_v2",
            "settings": {
                "extents": true,
                "outline": true,
                "text": "You've imported the scene collection! If you don't see the white bar at the bottom, you need to import your profile, too.\n\nIn the bottom left of OBS, under the Sources pane, in the Sync Bar group, double-click \"Label\" to edit it.\n\nTo test your Stream and Layout settings, hide the \"Information\" group in your Sources pane. Then on the bottom-right of OBS, click \"Start Streaming\".\n\n- some1chan",
                "vertical": false,
                "font": {
                    "face": "Arial",
                    "flags": 0,
                    "size": 66,
                    "style": "Regular"
                },
                "align": "left",
                "color": 4290290580,
                "outline_size": 16,
                "outline_color": 4280028423,
                "extents_cx": 1600,
                "extents_cy": 750
            },
            "mixers": 0,
            "sync": 0,
            "flags": 0,
            "volume": 1.0,
            "balance": 0.5,
            "enabled": true,
            "muted": false,
            "push-to-mute": false,
            "push-to-mute-delay": 0,
            "push-to-talk": false,
            "push-to-talk-delay": 0,
            "hotkeys": {},
            "deinterlace_mode": 0,
            "deinterlace_field_order": 0,
            "monitoring_type": 0,
            "private_settings": {}
        },
        {
            "prev_ver": 486604803,
            "name": "qr.syncer.live",
            "uuid": "059ddb06-c3f8-4ad3-9cfc-d9f53d844dab",
            "id": "browser_source",
            "versioned_id": "browser_source",
            "settings": {
                "undo_sname": "QR",
                "url": "https://qr.syncer.live/?interval=16.666666666666667&hideUI=true",
                "width": 105,
                "height": 105,
                "fps": 60,
                "fps_custom": true,
                "shutdown": true,
                "css": ""
            },
            "mixers": 193,
            "sync": 0,
            "flags": 0,
            "volume": 1.0,
            "balance": 0.5,
            "enabled": true,
            "muted": false,
            "push-to-mute": false,
            "push-to-mute-delay": 0,
            "push-to-talk": false,
            "push-to-talk-delay": 0,
            "hotkeys": {
                "libobs.mute": [],
                "libobs.unmute": [],
                "libobs.push-to-mute": [],
                "libobs.push-to-talk": [],
                "ObsBrowser.Refresh": []
            },
            "deinterlace_mode": 0,
            "deinterlace_field_order": 0,
            "monitoring_type": 0,
            "private_settings": {}
        },
        {
            "prev_ver": 486604803,
            "name": "Scene",
            "uuid": "1f39f288-0bf3-49c8-9754-3bec9a98de2b",
            "id": "scene",
            "versioned_id": "scene",
            "settings": {
                "custom_size": false,
                "id_counter": 81,
                "items": [
                    {
                        "name": "#fff",
                        "source_uuid": "14e3f523-f6c0-47d1-ab6e-1811f2458232",
                        "visible": true,
                        "locked": true,
                        "rot": 0.0,
                        "pos": {
                            "x": 0.0,
                            "y": 1080.0
                        },
                        "scale": {
                            "x": 1.0,
                            "y": 1.0
                        },
                        "align": 5,
                        "bounds_type": 0,
                        "bounds_align": 0,
                        "bounds": {
                            "x": 0.0,
                            "y": 0.0
                        },
                        "crop_left": 0,
                        "crop_top": 0,
                        "crop_right": 0,
                        "crop_bottom": 0,
                        "id": 28,
                        "group_item_backup": true,
                        "scale_filter": "disable",
                        "blend_method": "default",
                        "blend_type": "normal",
                        "show_transition": {
                            "duration": 0
                        },
                        "hide_transition": {
                            "duration": 0
                        },
                        "private_settings": {}
                    },
                    {
                        "name": "Label (Double-Click Me!)",
                        "source_uuid": "9f07d0f5-2128-4f44-8d9d-95e6bd0f18e8",
                        "visible": true,
                        "locked": true,
                        "rot": 0.0,
                        "pos": {
                            "x": 140.0,
                            "y": 1200.0
                        },
                        "scale": {
                            "x": 1.0,
                            "y": 1.0
                        },
                        "align": 9,
                        "bounds_type": 0,
                        "bounds_align": 0,
                        "bounds": {
                            "x": 1.0,
                            "y": 1.0
                        },
                        "crop_left": 0,
                        "crop_top": 0,
                        "crop_right": 0,
                        "crop_bottom": 0,
                        "id": 37,
                        "group_item_backup": true,
                        "scale_filter": "disable",
                        "blend_method": "default",
                        "blend_type": "normal",
                        "show_transition": {
                            "duration": 0
                        },
                        "hide_transition": {
                            "duration": 0
                        },
                        "private_settings": {}
                    },
                    {
                        "name": "qr.syncer.live",
                        "source_uuid": "059ddb06-c3f8-4ad3-9cfc-d9f53d844dab",
                        "visible": true,
                        "locked": true,
                        "rot": 0.0,
                        "pos": {
                            "x": 57.0,
                            "y": 1142.0
                        },
                        "scale": {
                            "x": 1.0,
                            "y": 1.0
                        },
                        "align": 0,
                        "bounds_type": 0,
                        "bounds_align": 0,
                        "bounds": {
                            "x": 1.0,
                            "y": 1.0
                        },
                        "crop_left": 0,
                        "crop_top": 0,
                        "crop_right": 0,
                        "crop_bottom": 0,
                        "id": 38,
                        "group_item_backup": true,
                        "scale_filter": "disable",
                        "blend_method": "default",
                        "blend_type": "normal",
                        "show_transition": {
                            "duration": 0
                        },
                        "hide_transition": {
                            "duration": 0
                        },
                        "private_settings": {}
                    },
                    {
                        "name": "Sync Bar",
                        "source_uuid": "6095583b-41a0-4934-bb9f-9b6cea1534bb",
                        "visible": true,
                        "locked": true,
                        "rot": 0.0,
                        "pos": {
                            "x": 0.0,
                            "y": 1080.0
                        },
                        "scale": {
                            "x": 1.0,
                            "y": 1.0
                        },
                        "align": 5,
                        "bounds_type": 0,
                        "bounds_align": 0,
                        "bounds": {
                            "x": 1.0,
                            "y": 1.0
                        },
                        "crop_left": 0,
                        "crop_top": 0,
                        "crop_right": 0,
                        "crop_bottom": 0,
                        "id": 12,
                        "group_item_backup": false,
                        "scale_filter": "disable",
                        "blend_method": "default",
                        "blend_type": "normal",
                        "show_transition": {
                            "duration": 0
                        },
                        "hide_transition": {
                            "duration": 0
                        },
                        "private_settings": {
                            "collapsed": false
                        }
                    },
                    {
                        "name": "v2.syncer.live",
                        "source_uuid": "fa6f273a-c95c-4727-a311-b285bcc9e5f1",
                        "visible": true,
                        "locked": true,
                        "rot": 0.0,
                        "pos": {
                            "x": 1846.0,
                            "y": 1189.0
                        },
                        "scale": {
                            "x": 1.0,
                            "y": 1.0
                        },
                        "align": 8,
                        "bounds_type": 0,
                        "bounds_align": 0,
                        "bounds": {
                            "x": 1.0,
                            "y": 1.0
                        },
                        "crop_left": 935,
                        "crop_top": 640,
                        "crop_right": 887,
                        "crop_bottom": 400,
                        "id": 72,
                        "group_item_backup": true,
                        "scale_filter": "disable",
                        "blend_method": "default",
                        "blend_type": "normal",
                        "show_transition": {
                            "duration": 0
                        },
                        "hide_transition": {
                            "duration": 0
                        },
                        "private_settings": {}
                    },
                    {
                        "name": "v2.syncer.live",
                        "source_uuid": "fa6f273a-c95c-4727-a311-b285bcc9e5f1",
                        "visible": true,
                        "locked": true,
                        "rot": 0.0,
                        "pos": {
                            "x": 1680.0,
                            "y": 1139.0
                        },
                        "scale": {
                            "x": 0.5,
                            "y": 0.5
                        },
                        "align": 0,
                        "bounds_type": 0,
                        "bounds_align": 0,
                        "bounds": {
                            "x": 1.0,
                            "y": 1.0
                        },
                        "crop_left": 540,
                        "crop_top": 467,
                        "crop_right": 540,
                        "crop_bottom": 514,
                        "id": 23,
                        "group_item_backup": true,
                        "scale_filter": "disable",
                        "blend_method": "default",
                        "blend_type": "normal",
                        "show_transition": {
                            "duration": 0
                        },
                        "hide_transition": {
                            "duration": 0
                        },
                        "private_settings": {}
                    },
                    {
                        "name": "v2.syncer.live",
                        "source_uuid": "fa6f273a-c95c-4727-a311-b285bcc9e5f1",
                        "visible": true,
                        "locked": true,
                        "rot": 0.0,
                        "pos": {
                            "x": 960.0,
                            "y": 1200.0
                        },
                        "scale": {
                            "x": 1.0,
                            "y": 11.000005722045898
                        },
                        "align": 8,
                        "bounds_type": 0,
                        "bounds_align": 0,
                        "bounds": {
                            "x": 1.0,
                            "y": 1.0
                        },
                        "crop_left": 546,
                        "crop_top": 426,
                        "crop_right": 546,
                        "crop_bottom": 644,
                        "id": 35,
                        "group_item_backup": true,
                        "scale_filter": "disable",
                        "blend_method": "default",
                        "blend_type": "normal",
                        "show_transition": {
                            "duration": 0
                        },
                        "hide_transition": {
                            "duration": 0
                        },
                        "private_settings": {}
                    },
                    {
                        "name": "Sync Bar Extras (Hide if High CPU%)",
                        "source_uuid": "dfb6a0f8-768d-40b5-915b-83acb783ef28",
                        "visible": true,
                        "locked": true,
                        "rot": 0.0,
                        "pos": {
                            "x": 546.0,
                            "y": 1090.0
                        },
                        "scale": {
                            "x": 1.0,
                            "y": 1.0
                        },
                        "align": 5,
                        "bounds_type": 0,
                        "bounds_align": 0,
                        "bounds": {
                            "x": 1.0,
                            "y": 1.0
                        },
                        "crop_left": 0,
                        "crop_top": 0,
                        "crop_right": 0,
                        "crop_bottom": 0,
                        "id": 46,
                        "group_item_backup": false,
                        "scale_filter": "disable",
                        "blend_method": "default",
                        "blend_type": "normal",
                        "show_transition": {
                            "duration": 0
                        },
                        "hide_transition": {
                            "duration": 0
                        },
                        "private_settings": {
                            "collapsed": false
                        }
                    },
                    {
                        "name": "Audio - UNBEATABLE [white label]",
                        "source_uuid": "68af2738-81f9-4920-a002-7757d5e8914f",
                        "visible": true,
                        "locked": true,
                        "rot": 0.0,
                        "pos": {
                            "x": 0.0,
                            "y": 0.0
                        },
                        "scale": {
                            "x": 1.0,
                            "y": 1.0
                        },
                        "align": 5,
                        "bounds_type": 0,
                        "bounds_align": 0,
                        "bounds": {
                            "x": 0.0,
                            "y": 0.0
                        },
                        "crop_left": 0,
                        "crop_top": 0,
                        "crop_right": 0,
                        "crop_bottom": 0,
                        "id": 52,
                        "group_item_backup": false,
                        "scale_filter": "disable",
                        "blend_method": "default",
                        "blend_type": "normal",
                        "show_transition": {
                            "duration": 0
                        },
                        "hide_transition": {
                            "duration": 0
                        },
                        "private_settings": {}
                    },
                    {
                        "name": "Game - UNBEATABLE [white label]",
                        "source_uuid": "ba2b64ed-f68f-4278-9fea-b5429843eb9b",
                        "visible": true,
                        "locked": false,
                        "rot": 0.0,
                        "pos": {
                            "x": 960.0,
                            "y": 540.0
                        },
                        "scale": {
                            "x": 1.0,
                            "y": 1.0
                        },
                        "align": 0,
                        "bounds_type": 0,
                        "bounds_align": 0,
                        "bounds": {
                            "x": 1.0,
                            "y": 1.0
                        },
                        "crop_left": 0,
                        "crop_top": 0,
                        "crop_right": 0,
                        "crop_bottom": 0,
                        "id": 14,
                        "group_item_backup": false,
                        "scale_filter": "disable",
                        "blend_method": "default",
                        "blend_type": "normal",
                        "show_transition": {
                            "duration": 0
                        },
                        "hide_transition": {
                            "duration": 0
                        },
                        "private_settings": {}
                    },
                    {
                        "name": "funny scrolling background",
                        "source_uuid": "a8debf64-2738-4291-8528-687ad0497cca",
                        "visible": true,
                        "locked": true,
                        "rot": 0.0,
                        "pos": {
                            "x": 0.0,
                            "y": 0.0
                        },
                        "scale": {
                            "x": 1.0,
                            "y": 1.0
                        },
                        "align": 5,
                        "bounds_type": 0,
                        "bounds_align": 0,
                        "bounds": {
                            "x": 0.0,
                            "y": 0.0
                        },
                        "crop_left": 0,
                        "crop_top": 0,
                        "crop_right": 0,
                        "crop_bottom": 0,
                        "id": 75,
                        "group_item_backup": true,
                        "scale_filter": "disable",
                        "blend_method": "default",
                        "blend_type": "normal",
                        "show_transition": {
                            "duration": 0
                        },
                        "hide_transition": {
                            "duration": 0
                        },
                        "private_settings": {}
                    },
                    {
                        "name": "Paragraph",
                        "source_uuid": "d75d1b79-1330-4015-ad34-690fcb490761",
                        "visible": true,
                        "locked": true,
                        "rot": 0.0,
                        "pos": {
                            "x": 160.0,
                            "y": 245.0
                        },
                        "scale": {
                            "x": 1.0,
                            "y": 1.0
                        },
                        "align": 5,
                        "bounds_type": 0,
                        "bounds_align": 0,
                        "bounds": {
                            "x": 1.0,
                            "y": 1.0
                        },
                        "crop_left": 0,
                        "crop_top": 0,
                        "crop_right": 0,
                        "crop_bottom": 0,
                        "id": 77,
                        "group_item_backup": true,
                        "scale_filter": "disable",
                        "blend_method": "default",
                        "blend_type": "normal",
                        "show_transition": {
                            "duration": 0
                        },
                        "hide_transition": {
                            "duration": 0
                        },
                        "private_settings": {}
                    },
                    {
                        "name": "layout version",
                        "source_uuid": "61cc1aa0-9df8-4dfc-8a9f-2ab4cda446a4",
                        "visible": true,
                        "locked": true,
                        "rot": 0.0,
                        "pos": {
                            "x": 1760.0,
                            "y": 104.0
                        },
                        "scale": {
                            "x": 1.0,
                            "y": 1.0
                        },
                        "align": 6,
                        "bounds_type": 0,
                        "bounds_align": 0,
                        "bounds": {
                            "x": 1.0,
                            "y": 1.0
                        },
                        "crop_left": 0,
                        "crop_top": 0,
                        "crop_right": 0,
                        "crop_bottom": 0,
                        "id": 78,
                        "group_item_backup": true,
                        "scale_filter": "disable",
                        "blend_method": "default",
                        "blend_type": "normal",
                        "show_transition": {
                            "duration": 0
                        },
                        "hide_transition": {
                            "duration": 0
                        },
                        "private_settings": {}
                    },
                    {
                        "name": "Hello!",
                        "source_uuid": "7b7129d4-71d5-4cae-8d2c-7176b093422b",
                        "visible": true,
                        "locked": true,
                        "rot": 0.0,
                        "pos": {
                            "x": 960.0,
                            "y": 530.0
                        },
                        "scale": {
                            "x": 1.0,
                            "y": 1.0
                        },
                        "align": 0,
                        "bounds_type": 0,
                        "bounds_align": 0,
                        "bounds": {
                            "x": 1.0,
                            "y": 1.0
                        },
                        "crop_left": 0,
                        "crop_top": 0,
                        "crop_right": 0,
                        "crop_bottom": 0,
                        "id": 76,
                        "group_item_backup": true,
                        "scale_filter": "disable",
                        "blend_method": "default",
                        "blend_type": "normal",
                        "show_transition": {
                            "duration": 0
                        },
                        "hide_transition": {
                            "duration": 0
                        },
                        "private_settings": {}
                    },
                    {
                        "name": "Information",
                        "source_uuid": "8eb4c521-9df6-47be-ad9b-dbd957bdf6db",
                        "visible": true,
                        "locked": true,
                        "rot": 0.0,
                        "pos": {
                            "x": 0.0,
                            "y": 0.0
                        },
                        "scale": {
                            "x": 1.0,
                            "y": 1.0
                        },
                        "align": 5,
                        "bounds_type": 0,
                        "bounds_align": 0,
                        "bounds": {
                            "x": 0.0,
                            "y": 0.0
                        },
                        "crop_left": 0,
                        "crop_top": 0,
                        "crop_right": 0,
                        "crop_bottom": 0,
                        "id": 73,
                        "group_item_backup": false,
                        "scale_filter": "disable",
                        "blend_method": "default",
                        "blend_type": "normal",
                        "show_transition": {
                            "duration": 0
                        },
                        "hide_transition": {
                            "duration": 0
                        },
                        "private_settings": {
                            "collapsed": false
                        }
                    }
                ]
            },
            "mixers": 0,
            "sync": 0,
            "flags": 0,
            "volume": 1.0,
            "balance": 0.5,
            "enabled": true,
            "muted": false,
            "push-to-mute": false,
            "push-to-mute-delay": 0,
            "push-to-talk": false,
            "push-to-talk-delay": 0,
            "hotkeys": {
                "OBSBasic.SelectScene": [],
                "libobs.show_scene_item.Sync Bar": [],
                "libobs.hide_scene_item.Sync Bar": [],
                "libobs.show_scene_item.Sync Bar Extras (Hide if High CPU%)": [],
                "libobs.hide_scene_item.Sync Bar Extras (Hide if High CPU%)": [],
                "libobs.show_scene_item.Audio - UNBEATABLE [white label]": [],
                "libobs.hide_scene_item.Audio - UNBEATABLE [white label]": [],
                "libobs.show_scene_item.Game - UNBEATABLE [white label]": [],
                "libobs.hide_scene_item.Game - UNBEATABLE [white label]": [],
                "libobs.show_scene_item.Information": [],
                "libobs.hide_scene_item.Information": [],
                "source_record.enable": [],
                "source_record.disable": []
            },
            "deinterlace_mode": 0,
            "deinterlace_field_order": 0,
            "monitoring_type": 0,
            "private_settings": {},
            "filters": [
                {
                    "prev_ver": 486604803,
                    "name": "Source Record",
                    "uuid": "eda72d53-a7c1-4001-9f01-2930c5a10eac",
                    "id": "source_record_filter",
                    "versioned_id": "source_record_filter",
                    "settings": {
                        "preset": "ultrafast",
                        "record_mode": 5,
                        "filename_formatting": "demo-%CCYY-%MM-%DD %hh-%mm-%ss",
                        "encoder": "nvenc_hevc",
                        "cqp": 15,
                        "rate_control": "CQP",
                        "psycho_aq": false,
                        "bf": 0
                    },
                    "mixers": 0,
                    "sync": 0,
                    "flags": 0,
                    "volume": 1.0,
                    "balance": 0.5,
                    "enabled": true,
                    "muted": false,
                    "push-to-mute": false,
                    "push-to-mute-delay": 0,
                    "push-to-talk": false,
                    "push-to-talk-delay": 0,
                    "hotkeys": {},
                    "deinterlace_mode": 0,
                    "deinterlace_field_order": 0,
                    "monitoring_type": 0,
                    "private_settings": {}
                }
            ]
        },
        {
            "prev_ver": 486604803,
            "name": "v2.syncer.live",
            "uuid": "fa6f273a-c95c-4727-a311-b285bcc9e5f1",
            "id": "browser_source",
            "versioned_id": "browser_source",
            "settings": {
                "undo_sname": "syncer.live",
                "url": "https://v2.syncer.live/?layer-name=syncer.live&split=true&layer-width=1920&layer-height=1080&embed&beep&frequency=1000&useHighPrecision",
                "width": 1920,
                "height": 1080,
                "shutdown": true,
                "restart_when_active": true,
                "reroute_audio": true,
                "css": "body { background-color: rgba(0, 0, 0, 0); margin: 0px auto; overflow: hidden; }\n.bg-slate-800 { background-color: #fff; }\n.bg-white { background-color: #fff; }\n.bg-slate-400 { background-color: #cbd5e1; }\n.text-zinc-600.dark\\:text-gray-300 { color: #000; }\n.text-zinc-500 { color: #000; }\n.flex.flex-col.space-y-8.m-6 { width: 859px; }\n/*.font-extrabold { font-weight: normal; }*/\n@media (prefers-color-scheme:dark) {\n body {\n  background-color:#fff;\n  color:revert;\n }\n .dark\\:bg-slate-800 {\n  background-color:rgb(255 255 255/var(--tw-bg-opacity));\n  background-color: #fff;\n }\n .dark\\:bg-slate-700 {\n  #background-color:revert;\n  background-color:rgb(148 163 184/var(--tw-bg-opacity));\n }\n .dark\\:fill-gray-200 {\n   /*fill:revert;*/\n   fill: #000;\n }\n .dark\\:text-gray-300 {\n    /*color:revert;*/\n    /*color:rgb(82 82 91/var(--tw-text-opacity));*/\n    color: #000;\n }\n .dark\\:text-black {\n  color:revert;\n }\n .dark\\:text-zinc-600 {\n  color: #000;\n }\n}"
            },
            "mixers": 195,
            "sync": 0,
            "flags": 0,
            "volume": 0.5,
            "balance": 0.5,
            "enabled": true,
            "muted": true,
            "push-to-mute": false,
            "push-to-mute-delay": 0,
            "push-to-talk": false,
            "push-to-talk-delay": 0,
            "hotkeys": {
                "libobs.mute": [],
                "libobs.unmute": [],
                "libobs.push-to-mute": [],
                "libobs.push-to-talk": [],
                "ObsBrowser.Refresh": []
            },
            "deinterlace_mode": 0,
            "deinterlace_field_order": 0,
            "monitoring_type": 0,
            "private_settings": {
                "volume_locked": false
            }
        }
    ]
}